postal_code,delivery_means,weekday,available_delivery
63071,HD,Τετάρτη,1
63071,HD,Πέμπτη,1
63071,HD,Παρασκευή,1
63071,HD,Σάββατο,1
63071,HD,Κυριακή,1
63072,HD,Τετάρτη,1
63072,HD,Πέμπτη,1
63072,HD,Παρασκευή,1
63072,HD,Σάββατο,1
63072,HD,Κυριακή,1
63073,HD,Τετάρτη,1
63073,HD,Πέμπτη,1
63073,HD,Παρασκευή,1
63073,HD,Σάββατο,1
63073,HD,Κυριακή,1
63074,HD,Τετάρτη,1
63074,HD,Πέμπτη,1
63074,HD,Παρασκευή,1
63074,HD,Σάββατο,1
63074,HD,Κυριακή,1
63075,HD,Τετάρτη,1
63075,HD,Πέμπτη,1
63075,HD,Παρασκευή,1
63075,HD,Σάββατο,1
63075,HD,Κυριακή,1
63076,HD,Τετάρτη,1
63076,HD,Πέμπτη,1
63076,HD,Παρασκευή,1
63076,HD,Σάββατο,1
63076,HD,Κυριακή,1
63077,HD,Τετάρτη,1
63077,HD,Πέμπτη,1
63077,HD,Παρασκευή,1
63077,HD,Σάββατο,1
63077,HD,Κυριακή,1
63078,HD,Τετάρτη,1
63078,HD,Πέμπτη,1
63078,HD,Παρασκευή,1
63078,HD,Σάββατο,1
63078,HD,Κυριακή,1
63079,HD,Τετάρτη,1
63079,HD,Πέμπτη,1
63079,HD,Παρασκευή,1
63079,HD,Σάββατο,1
63079,HD,Κυριακή,1
63080,HD,Τετάρτη,1
63080,HD,Πέμπτη,1
63080,HD,Παρασκευή,1
63080,HD,Σάββατο,1
63080,HD,Κυριακή,1
63081,HD,Τετάρτη,1
63081,HD,Πέμπτη,1
63081,HD,Παρασκευή,1
63081,HD,Σάββατο,1
63081,HD,Κυριακή,1
63082,HD,Τετάρτη,1
63082,HD,Πέμπτη,1
63082,HD,Παρασκευή,1
63082,HD,Σάββατο,1
63082,HD,Κυριακή,1
63084,HD,Τετάρτη,1
63084,HD,Πέμπτη,1
63084,HD,Παρασκευή,1
63084,HD,Σάββατο,1
63084,HD,Κυριακή,1
63085,HD,Τετάρτη,1
63085,HD,Πέμπτη,1
63085,HD,Παρασκευή,1
63085,HD,Σάββατο,1
63085,HD,Κυριακή,1
63086,FRW,null,1
63087,FRW,null,1
63088,HD,Τετάρτη,1
63088,HD,Πέμπτη,1
63088,HD,Παρασκευή,1
63088,HD,Σάββατο,1
63088,HD,Κυριακή,1
63100,HD,Τετάρτη,1
63100,HD,Πέμπτη,1
63100,HD,Παρασκευή,1
63100,HD,Σάββατο,1
63100,HD,Κυριακή,1
63200,HD,Τετάρτη,1
63200,HD,Πέμπτη,1
63200,HD,Παρασκευή,1
63200,HD,Σάββατο,1
63200,HD,Κυριακή,1
73100,HD,Τετάρτη,1
73100,HD,Πέμπτη,1
73100,HD,Παρασκευή,1
73100,HD,Σάββατο,1
73100,HD,Κυριακή,1
73131,HD,Τετάρτη,1
73131,HD,Πέμπτη,1
73131,HD,Παρασκευή,1
73131,HD,Σάββατο,1
73131,HD,Κυριακή,1
73001,HD,Τετάρτη,1
73001,HD,Πέμπτη,1
73001,HD,Παρασκευή,1
73001,HD,Σάββατο,1
73001,HD,Κυριακή,1
73002,HD,Τετάρτη,1
73002,HD,Πέμπτη,1
73002,HD,Παρασκευή,1
73002,HD,Σάββατο,1
73002,HD,Κυριακή,1
73003,HD,Τετάρτη,1
73003,HD,Πέμπτη,1
73003,HD,Παρασκευή,1
73003,HD,Σάββατο,1
73003,HD,Κυριακή,1
73004,HD,Τετάρτη,1
73004,HD,Πέμπτη,1
73004,HD,Παρασκευή,1
73004,HD,Σάββατο,1
73004,HD,Κυριακή,1
73005,HD,Τετάρτη,1
73005,HD,Πέμπτη,1
73005,HD,Παρασκευή,1
73005,HD,Σάββατο,1
73005,HD,Κυριακή,1
73006,HD,Τετάρτη,1
73006,HD,Πέμπτη,1
73006,HD,Παρασκευή,1
73006,HD,Σάββατο,1
73006,HD,Κυριακή,1
73007,HD,Τετάρτη,1
73007,HD,Πέμπτη,1
73007,HD,Παρασκευή,1
73007,HD,Σάββατο,1
73007,HD,Κυριακή,1
73008,HD,Τετάρτη,1
73008,HD,Πέμπτη,1
73008,HD,Παρασκευή,1
73008,HD,Σάββατο,1
73008,HD,Κυριακή,1
73009,HD,Τετάρτη,1
73009,HD,Πέμπτη,1
73009,HD,Παρασκευή,1
73009,HD,Σάββατο,1
73009,HD,Κυριακή,1
73011,HD,Τετάρτη,1
73011,HD,Πέμπτη,1
73011,HD,Παρασκευή,1
73011,HD,Σάββατο,1
73011,HD,Κυριακή,1
73012,HD,Τετάρτη,1
73012,HD,Πέμπτη,1
73012,HD,Παρασκευή,1
73012,HD,Σάββατο,1
73012,HD,Κυριακή,1
73014,HD,Τετάρτη,1
73014,HD,Πέμπτη,1
73014,HD,Παρασκευή,1
73014,HD,Σάββατο,1
73014,HD,Κυριακή,1
73132,HD,Τετάρτη,1
73132,HD,Πέμπτη,1
73132,HD,Παρασκευή,1
73132,HD,Σάββατο,1
73132,HD,Κυριακή,1
73133,HD,Τετάρτη,1
73133,HD,Πέμπτη,1
73133,HD,Παρασκευή,1
73133,HD,Σάββατο,1
73133,HD,Κυριακή,1
73134,HD,Τετάρτη,1
73134,HD,Πέμπτη,1
73134,HD,Παρασκευή,1
73134,HD,Σάββατο,1
73134,HD,Κυριακή,1
73135,HD,Τετάρτη,1
73135,HD,Πέμπτη,1
73135,HD,Παρασκευή,1
73135,HD,Σάββατο,1
73135,HD,Κυριακή,1
73136,HD,Τετάρτη,1
73136,HD,Πέμπτη,1
73136,HD,Παρασκευή,1
73136,HD,Σάββατο,1
73136,HD,Κυριακή,1
73200,HD,Τετάρτη,1
73200,HD,Πέμπτη,1
73200,HD,Παρασκευή,1
73200,HD,Σάββατο,1
73200,HD,Κυριακή,1
73300,HD,Τετάρτη,1
73300,HD,Πέμπτη,1
73300,HD,Παρασκευή,1
73300,HD,Σάββατο,1
73300,HD,Κυριακή,1
73400,HD,Τετάρτη,1
73400,HD,Πέμπτη,1
73400,HD,Παρασκευή,1
73400,HD,Σάββατο,1
73400,HD,Κυριακή,1
74055,HD,Τετάρτη,1
74055,HD,Πέμπτη,1
74055,HD,Παρασκευή,1
74055,HD,Σάββατο,1
74055,HD,Κυριακή,1
40001,FRW,null,1
40002,FRW,null,1
40003,HD,Τετάρτη,1
40003,HD,Πέμπτη,1
40003,HD,Παρασκευή,1
40003,HD,Σάββατο,1
40003,HD,Κυριακή,1
40004,HD,Τετάρτη,1
40004,HD,Πέμπτη,1
40004,HD,Παρασκευή,1
40004,HD,Σάββατο,1
40004,HD,Κυριακή,1
40005,FRW,null,1
40006,HD,Τετάρτη,1
40006,HD,Πέμπτη,1
40006,HD,Παρασκευή,1
40006,HD,Σάββατο,1
40006,HD,Κυριακή,1
40007,HD,Τετάρτη,1
40007,HD,Πέμπτη,1
40007,HD,Παρασκευή,1
40007,HD,Σάββατο,1
40007,HD,Κυριακή,1
40009,HD,Τετάρτη,1
40009,HD,Πέμπτη,1
40009,HD,Παρασκευή,1
40009,HD,Σάββατο,1
40009,HD,Κυριακή,1
40011,HD,Τετάρτη,1
40011,HD,Πέμπτη,1
40011,HD,Παρασκευή,1
40011,HD,Σάββατο,1
40011,HD,Κυριακή,1
40100,HD,Τετάρτη,1
40100,HD,Πέμπτη,1
40100,HD,Παρασκευή,1
40100,HD,Σάββατο,1
40100,HD,Κυριακή,1
40200,HD,Τετάρτη,1
40200,HD,Πέμπτη,1
40200,HD,Παρασκευή,1
40200,HD,Σάββατο,1
40200,HD,Κυριακή,1
40300,HD,Τετάρτη,1
40300,HD,Πέμπτη,1
40300,HD,Παρασκευή,1
40300,HD,Σάββατο,1
40300,HD,Κυριακή,1
40400,HD,Τετάρτη,1
40400,HD,Πέμπτη,1
40400,HD,Παρασκευή,1
40400,HD,Σάββατο,1
40400,HD,Κυριακή,1
41221,HD,Τετάρτη,1
41221,HD,Πέμπτη,1
41221,HD,Παρασκευή,1
41221,HD,Σάββατο,1
41221,HD,Κυριακή,1
41222,HD,Τετάρτη,1
41222,HD,Πέμπτη,1
41222,HD,Παρασκευή,1
41222,HD,Σάββατο,1
41222,HD,Κυριακή,1
41223,HD,Τετάρτη,1
41223,HD,Πέμπτη,1
41223,HD,Παρασκευή,1
41223,HD,Σάββατο,1
41223,HD,Κυριακή,1
41334,HD,Τετάρτη,1
41334,HD,Πέμπτη,1
41334,HD,Παρασκευή,1
41334,HD,Σάββατο,1
41334,HD,Κυριακή,1
41335,HD,Τετάρτη,1
41335,HD,Πέμπτη,1
41335,HD,Παρασκευή,1
41335,HD,Σάββατο,1
41335,HD,Κυριακή,1
41336,HD,Τετάρτη,1
41336,HD,Πέμπτη,1
41336,HD,Παρασκευή,1
41336,HD,Σάββατο,1
41336,HD,Κυριακή,1
41447,HD,Τετάρτη,1
41447,HD,Πέμπτη,1
41447,HD,Παρασκευή,1
41447,HD,Σάββατο,1
41447,HD,Κυριακή,1
41500,HD,Τετάρτη,1
41500,HD,Πέμπτη,1
41500,HD,Παρασκευή,1
41500,HD,Σάββατο,1
41500,HD,Κυριακή,1
41448,HD,Τετάρτη,1
41448,HD,Πέμπτη,1
41448,HD,Παρασκευή,1
41448,HD,Σάββατο,1
41448,HD,Κυριακή,1
41005,HD,Τετάρτη,1
41005,HD,Πέμπτη,1
41005,HD,Παρασκευή,1
41005,HD,Σάββατο,1
41005,HD,Κυριακή,1
37001,HD,Τετάρτη,1
37001,HD,Πέμπτη,1
37001,HD,Παρασκευή,1
37001,HD,Σάββατο,1
37001,HD,Κυριακή,1
37006,HD,Τετάρτη,1
37006,HD,Πέμπτη,1
37006,HD,Παρασκευή,1
37006,HD,Σάββατο,1
37006,HD,Κυριακή,1
37008,HD,Τετάρτη,1
37008,HD,Πέμπτη,1
37008,HD,Παρασκευή,1
37008,HD,Σάββατο,1
37008,HD,Κυριακή,1
37009,FRW,null,1
37010,HD,Τετάρτη,1
37010,HD,Πέμπτη,1
37010,HD,Παρασκευή,1
37010,HD,Σάββατο,1
37010,HD,Κυριακή,1
37011,HD,Τετάρτη,1
37011,HD,Πέμπτη,1
37011,HD,Παρασκευή,1
37011,HD,Σάββατο,1
37011,HD,Κυριακή,1
37012,HD,Τετάρτη,1
37012,HD,Πέμπτη,1
37012,HD,Παρασκευή,1
37012,HD,Σάββατο,1
37012,HD,Κυριακή,1
37013,HD,Τετάρτη,1
37013,HD,Πέμπτη,1
37013,HD,Παρασκευή,1
37013,HD,Σάββατο,1
37013,HD,Κυριακή,1
37100,HD,Τετάρτη,1
37100,HD,Πέμπτη,1
37100,HD,Παρασκευή,1
37100,HD,Σάββατο,1
37100,HD,Κυριακή,1
37300,HD,Τετάρτη,1
37300,HD,Πέμπτη,1
37300,HD,Παρασκευή,1
37300,HD,Σάββατο,1
37300,HD,Κυριακή,1
37500,HD,Τετάρτη,1
37500,HD,Πέμπτη,1
37500,HD,Παρασκευή,1
37500,HD,Σάββατο,1
37500,HD,Κυριακή,1
38500,HD,Τετάρτη,1
38500,HD,Πέμπτη,1
38500,HD,Παρασκευή,1
38500,HD,Σάββατο,1
38500,HD,Κυριακή,1
37400,HD,Τετάρτη,1
37400,HD,Πέμπτη,1
37400,HD,Παρασκευή,1
37400,HD,Σάββατο,1
37400,HD,Κυριακή,1
38221,HD,Τετάρτη,1
38221,HD,Πέμπτη,1
38221,HD,Παρασκευή,1
38221,HD,Σάββατο,1
38221,HD,Κυριακή,1
38222,HD,Τετάρτη,1
38222,HD,Πέμπτη,1
38222,HD,Παρασκευή,1
38222,HD,Σάββατο,1
38222,HD,Κυριακή,1
38333,HD,Τετάρτη,1
38333,HD,Πέμπτη,1
38333,HD,Παρασκευή,1
38333,HD,Σάββατο,1
38333,HD,Κυριακή,1
38334,HD,Τετάρτη,1
38334,HD,Πέμπτη,1
38334,HD,Παρασκευή,1
38334,HD,Σάββατο,1
38334,HD,Κυριακή,1
38445,HD,Τετάρτη,1
38445,HD,Πέμπτη,1
38445,HD,Παρασκευή,1
38445,HD,Σάββατο,1
38445,HD,Κυριακή,1
38446,HD,Τετάρτη,1
38446,HD,Πέμπτη,1
38446,HD,Παρασκευή,1
38446,HD,Σάββατο,1
38446,HD,Κυριακή,1
42031,HD,Τετάρτη,1
42031,HD,Πέμπτη,1
42031,HD,Παρασκευή,1
42031,HD,Σάββατο,1
42031,HD,Κυριακή,1
42032,FRW,null,1
42033,FRW,null,1
42036,FRW,null,1
42037,FRW,null,1
42100,HD,Τετάρτη,1
42100,HD,Πέμπτη,1
42100,HD,Παρασκευή,1
42100,HD,Σάββατο,1
42100,HD,Κυριακή,1
42131,HD,Τετάρτη,1
42131,HD,Πέμπτη,1
42131,HD,Παρασκευή,1
42131,HD,Σάββατο,1
42131,HD,Κυριακή,1
42132,HD,Τετάρτη,1
42132,HD,Πέμπτη,1
42132,HD,Παρασκευή,1
42132,HD,Σάββατο,1
42132,HD,Κυριακή,1
42200,FRW,null,1
42300,HD,Τετάρτη,1
42300,HD,Πέμπτη,1
42300,HD,Παρασκευή,1
42300,HD,Σάββατο,1
42300,HD,Κυριακή,1
43060,FRW,null,1
43061,HD,Τετάρτη,1
43061,HD,Πέμπτη,1
43061,HD,Παρασκευή,1
43061,HD,Σάββατο,1
43061,HD,Κυριακή,1
43062,HD,Τετάρτη,1
43062,HD,Πέμπτη,1
43062,HD,Παρασκευή,1
43062,HD,Σάββατο,1
43062,HD,Κυριακή,1
43063,FRW,null,1
43064,HD,Τετάρτη,1
43064,HD,Πέμπτη,1
43064,HD,Παρασκευή,1
43064,HD,Σάββατο,1
43064,HD,Κυριακή,1
43065,FRW,null,1
43066,FRW,null,1
43067,FRW,null,1
43068,FRW,null,1
43070,HD,Τετάρτη,1
43070,HD,Πέμπτη,1
43070,HD,Παρασκευή,1
43070,HD,Σάββατο,1
43070,HD,Κυριακή,1
43100,HD,Τετάρτη,1
43100,HD,Πέμπτη,1
43100,HD,Παρασκευή,1
43100,HD,Σάββατο,1
43100,HD,Κυριακή,1
43131,HD,Τετάρτη,1
43131,HD,Πέμπτη,1
43131,HD,Παρασκευή,1
43131,HD,Σάββατο,1
43131,HD,Κυριακή,1
43132,HD,Τετάρτη,1
43132,HD,Πέμπτη,1
43132,HD,Παρασκευή,1
43132,HD,Σάββατο,1
43132,HD,Κυριακή,1
43200,HD,Τετάρτη,1
43200,HD,Πέμπτη,1
43200,HD,Παρασκευή,1
43200,HD,Σάββατο,1
43200,HD,Κυριακή,1
43300,HD,Τετάρτη,1
43300,HD,Πέμπτη,1
43300,HD,Παρασκευή,1
43300,HD,Σάββατο,1
43300,HD,Κυριακή,1
72051,HD,Τετάρτη,1
72051,HD,Πέμπτη,1
72051,HD,Παρασκευή,1
72051,HD,Σάββατο,1
72051,HD,Κυριακή,1
72052,HD,Τετάρτη,1
72052,HD,Πέμπτη,1
72052,HD,Παρασκευή,1
72052,HD,Σάββατο,1
72052,HD,Κυριακή,1
72053,HD,Τετάρτη,1
72053,HD,Πέμπτη,1
72053,HD,Παρασκευή,1
72053,HD,Σάββατο,1
72053,HD,Κυριακή,1
72055,HD,Τετάρτη,1
72055,HD,Πέμπτη,1
72055,HD,Παρασκευή,1
72055,HD,Σάββατο,1
72055,HD,Κυριακή,1
72056,HD,Τετάρτη,1
72056,HD,Πέμπτη,1
72056,HD,Παρασκευή,1
72056,HD,Σάββατο,1
72056,HD,Κυριακή,1
72057,HD,Τετάρτη,1
72057,HD,Πέμπτη,1
72057,HD,Παρασκευή,1
72057,HD,Σάββατο,1
72057,HD,Κυριακή,1
72059,HD,Τετάρτη,1
72059,HD,Πέμπτη,1
72059,HD,Παρασκευή,1
72059,HD,Σάββατο,1
72059,HD,Κυριακή,1
72100,HD,Τετάρτη,1
72100,HD,Πέμπτη,1
72100,HD,Παρασκευή,1
72100,HD,Σάββατο,1
72100,HD,Κυριακή,1
72200,HD,Τετάρτη,1
72200,HD,Πέμπτη,1
72200,HD,Παρασκευή,1
72200,HD,Σάββατο,1
72200,HD,Κυριακή,1
72300,HD,Τετάρτη,1
72300,HD,Πέμπτη,1
72300,HD,Παρασκευή,1
72300,HD,Σάββατο,1
72300,HD,Κυριακή,1
72400,HD,Τετάρτη,1
72400,HD,Πέμπτη,1
72400,HD,Παρασκευή,1
72400,HD,Σάββατο,1
72400,HD,Κυριακή,1
74051,HD,Τετάρτη,1
74051,HD,Πέμπτη,1
74051,HD,Παρασκευή,1
74051,HD,Σάββατο,1
74051,HD,Κυριακή,1
74052,HD,Τετάρτη,1
74052,HD,Πέμπτη,1
74052,HD,Παρασκευή,1
74052,HD,Σάββατο,1
74052,HD,Κυριακή,1
74053,HD,Τετάρτη,1
74053,HD,Πέμπτη,1
74053,HD,Παρασκευή,1
74053,HD,Σάββατο,1
74053,HD,Κυριακή,1
74054,HD,Τετάρτη,1
74054,HD,Πέμπτη,1
74054,HD,Παρασκευή,1
74054,HD,Σάββατο,1
74054,HD,Κυριακή,1
74055,HD,Τετάρτη,1
74055,HD,Πέμπτη,1
74055,HD,Παρασκευή,1
74055,HD,Σάββατο,1
74055,HD,Κυριακή,1
74057,HD,Τετάρτη,1
74057,HD,Πέμπτη,1
74057,HD,Παρασκευή,1
74057,HD,Σάββατο,1
74057,HD,Κυριακή,1
74058,HD,Τετάρτη,1
74058,HD,Πέμπτη,1
74058,HD,Παρασκευή,1
74058,HD,Σάββατο,1
74058,HD,Κυριακή,1
74060,HD,Τετάρτη,1
74060,HD,Πέμπτη,1
74060,HD,Παρασκευή,1
74060,HD,Σάββατο,1
74060,HD,Κυριακή,1
74061,HD,Τετάρτη,1
74061,HD,Πέμπτη,1
74061,HD,Παρασκευή,1
74061,HD,Σάββατο,1
74061,HD,Κυριακή,1
74100,HD,Τετάρτη,1
74100,HD,Πέμπτη,1
74100,HD,Παρασκευή,1
74100,HD,Σάββατο,1
74100,HD,Κυριακή,1
70001,HD,Τετάρτη,1
70001,HD,Πέμπτη,1
70001,HD,Παρασκευή,1
70001,HD,Σάββατο,1
70001,HD,Κυριακή,1
70002,HD,Τετάρτη,1
70002,HD,Πέμπτη,1
70002,HD,Παρασκευή,1
70002,HD,Σάββατο,1
70002,HD,Κυριακή,1
70003,HD,Τετάρτη,1
70003,HD,Πέμπτη,1
70003,HD,Παρασκευή,1
70003,HD,Σάββατο,1
70003,HD,Κυριακή,1
70004,HD,Τετάρτη,1
70004,HD,Πέμπτη,1
70004,HD,Παρασκευή,1
70004,HD,Σάββατο,1
70004,HD,Κυριακή,1
70005,HD,Τετάρτη,1
70005,HD,Πέμπτη,1
70005,HD,Παρασκευή,1
70005,HD,Σάββατο,1
70005,HD,Κυριακή,1
70006,HD,Τετάρτη,1
70006,HD,Πέμπτη,1
70006,HD,Παρασκευή,1
70006,HD,Σάββατο,1
70006,HD,Κυριακή,1
70007,HD,Τετάρτη,1
70007,HD,Πέμπτη,1
70007,HD,Παρασκευή,1
70007,HD,Σάββατο,1
70007,HD,Κυριακή,1
70008,HD,Τετάρτη,1
70008,HD,Πέμπτη,1
70008,HD,Παρασκευή,1
70008,HD,Σάββατο,1
70008,HD,Κυριακή,1
70010,HD,Τετάρτη,1
70010,HD,Πέμπτη,1
70010,HD,Παρασκευή,1
70010,HD,Σάββατο,1
70010,HD,Κυριακή,1
70011,HD,Τετάρτη,1
70011,HD,Πέμπτη,1
70011,HD,Παρασκευή,1
70011,HD,Σάββατο,1
70011,HD,Κυριακή,1
70012,HD,Τετάρτη,1
70012,HD,Πέμπτη,1
70012,HD,Παρασκευή,1
70012,HD,Σάββατο,1
70012,HD,Κυριακή,1
70013,HD,Τετάρτη,1
70013,HD,Πέμπτη,1
70013,HD,Παρασκευή,1
70013,HD,Σάββατο,1
70013,HD,Κυριακή,1
70014,HD,Τετάρτη,1
70014,HD,Πέμπτη,1
70014,HD,Παρασκευή,1
70014,HD,Σάββατο,1
70014,HD,Κυριακή,1
70016,HD,Τετάρτη,1
70016,HD,Πέμπτη,1
70016,HD,Παρασκευή,1
70016,HD,Σάββατο,1
70016,HD,Κυριακή,1
70100,HD,Τετάρτη,1
70100,HD,Πέμπτη,1
70100,HD,Παρασκευή,1
70100,HD,Σάββατο,1
70100,HD,Κυριακή,1
70200,HD,Τετάρτη,1
70200,HD,Πέμπτη,1
70200,HD,Παρασκευή,1
70200,HD,Σάββατο,1
70200,HD,Κυριακή,1
70300,HD,Τετάρτη,1
70300,HD,Πέμπτη,1
70300,HD,Παρασκευή,1
70300,HD,Σάββατο,1
70300,HD,Κυριακή,1
70400,HD,Τετάρτη,1
70400,HD,Πέμπτη,1
70400,HD,Παρασκευή,1
70400,HD,Σάββατο,1
70400,HD,Κυριακή,1
71201,HD,Τετάρτη,1
71201,HD,Πέμπτη,1
71201,HD,Παρασκευή,1
71201,HD,Σάββατο,1
71201,HD,Κυριακή,1
71202,HD,Τετάρτη,1
71202,HD,Πέμπτη,1
71202,HD,Παρασκευή,1
71202,HD,Σάββατο,1
71202,HD,Κυριακή,1
71303,HD,Τετάρτη,1
71303,HD,Πέμπτη,1
71303,HD,Παρασκευή,1
71303,HD,Σάββατο,1
71303,HD,Κυριακή,1
71304,HD,Τετάρτη,1
71304,HD,Πέμπτη,1
71304,HD,Παρασκευή,1
71304,HD,Σάββατο,1
71304,HD,Κυριακή,1
71305,HD,Τετάρτη,1
71305,HD,Πέμπτη,1
71305,HD,Παρασκευή,1
71305,HD,Σάββατο,1
71305,HD,Κυριακή,1
71306,HD,Τετάρτη,1
71306,HD,Πέμπτη,1
71306,HD,Παρασκευή,1
71306,HD,Σάββατο,1
71306,HD,Κυριακή,1
71307,HD,Τετάρτη,1
71307,HD,Πέμπτη,1
71307,HD,Παρασκευή,1
71307,HD,Σάββατο,1
71307,HD,Κυριακή,1
71409,HD,Τετάρτη,1
71409,HD,Πέμπτη,1
71409,HD,Παρασκευή,1
71409,HD,Σάββατο,1
71409,HD,Κυριακή,1
71410,HD,Τετάρτη,1
71410,HD,Πέμπτη,1
71410,HD,Παρασκευή,1
71410,HD,Σάββατο,1
71410,HD,Κυριακή,1
71414,HD,Τετάρτη,1
71414,HD,Πέμπτη,1
71414,HD,Παρασκευή,1
71414,HD,Σάββατο,1
71414,HD,Κυριακή,1
71500,HD,Τετάρτη,1
71500,HD,Πέμπτη,1
71500,HD,Παρασκευή,1
71500,HD,Σάββατο,1
71500,HD,Κυριακή,1
71601,HD,Τετάρτη,1
71601,HD,Πέμπτη,1
71601,HD,Παρασκευή,1
71601,HD,Σάββατο,1
71601,HD,Κυριακή,1
85100,HD,Τετάρτη,1
85100,HD,Πέμπτη,1
85100,HD,Παρασκευή,1
85100,HD,Σάββατο,1
85100,HD,Κυριακή,1
85101,HD,Τετάρτη,1
85101,HD,Πέμπτη,1
85101,HD,Παρασκευή,1
85101,HD,Σάββατο,1
85101,HD,Κυριακή,1
85102,HD,Τετάρτη,1
85102,HD,Πέμπτη,1
85102,HD,Παρασκευή,1
85102,HD,Σάββατο,1
85102,HD,Κυριακή,1
85103,HD,Τετάρτη,1
85103,HD,Πέμπτη,1
85103,HD,Παρασκευή,1
85103,HD,Σάββατο,1
85103,HD,Κυριακή,1
85104,HD,Τετάρτη,1
85104,HD,Πέμπτη,1
85104,HD,Παρασκευή,1
85104,HD,Σάββατο,1
85104,HD,Κυριακή,1
85105,HD,Τετάρτη,1
85105,HD,Πέμπτη,1
85105,HD,Παρασκευή,1
85105,HD,Σάββατο,1
85105,HD,Κυριακή,1
85106,HD,Τετάρτη,1
85106,HD,Πέμπτη,1
85106,HD,Παρασκευή,1
85106,HD,Σάββατο,1
85106,HD,Κυριακή,1
85107,HD,Τετάρτη,1
85107,HD,Πέμπτη,1
85107,HD,Παρασκευή,1
85107,HD,Σάββατο,1
85107,HD,Κυριακή,1
85108,HD,Τετάρτη,1
85108,HD,Πέμπτη,1
85108,HD,Παρασκευή,1
85108,HD,Σάββατο,1
85108,HD,Κυριακή,1
85109,HD,Τετάρτη,1
85109,HD,Πέμπτη,1
85109,HD,Παρασκευή,1
85109,HD,Σάββατο,1
85109,HD,Κυριακή,1
85131,HD,Τετάρτη,1
85131,HD,Πέμπτη,1
85131,HD,Παρασκευή,1
85131,HD,Σάββατο,1
85131,HD,Κυριακή,1
85132,HD,Τετάρτη,1
85132,HD,Πέμπτη,1
85132,HD,Παρασκευή,1
85132,HD,Σάββατο,1
85132,HD,Κυριακή,1
85133,HD,Τετάρτη,1
85133,HD,Πέμπτη,1
85133,HD,Παρασκευή,1
85133,HD,Σάββατο,1
85133,HD,Κυριακή,1
23051,HD,Τετάρτη,1
23051,HD,Πέμπτη,1
23051,HD,Παρασκευή,1
23051,HD,Σάββατο,1
23051,HD,Κυριακή,1
23052,HD,Τετάρτη,1
23052,HD,Πέμπτη,1
23052,HD,Παρασκευή,1
23052,HD,Σάββατο,1
23052,HD,Κυριακή,1
23053,HD,Τετάρτη,1
23053,HD,Πέμπτη,1
23053,HD,Παρασκευή,1
23053,HD,Σάββατο,1
23053,HD,Κυριακή,1
23054,HD,Τετάρτη,1
23054,HD,Πέμπτη,1
23054,HD,Παρασκευή,1
23054,HD,Σάββατο,1
23054,HD,Κυριακή,1
23055,HD,Τετάρτη,1
23055,HD,Πέμπτη,1
23055,HD,Παρασκευή,1
23055,HD,Σάββατο,1
23055,HD,Κυριακή,1
23056,HD,Τετάρτη,1
23056,HD,Πέμπτη,1
23056,HD,Παρασκευή,1
23056,HD,Σάββατο,1
23056,HD,Κυριακή,1
23057,HD,Τετάρτη,1
23057,HD,Πέμπτη,1
23057,HD,Παρασκευή,1
23057,HD,Σάββατο,1
23057,HD,Κυριακή,1
23058,HD,Τετάρτη,1
23058,HD,Πέμπτη,1
23058,HD,Παρασκευή,1
23058,HD,Σάββατο,1
23058,HD,Κυριακή,1
23059,HD,Τετάρτη,1
23059,HD,Πέμπτη,1
23059,HD,Παρασκευή,1
23059,HD,Σάββατο,1
23059,HD,Κυριακή,1
23060,HD,Τετάρτη,1
23060,HD,Πέμπτη,1
23060,HD,Παρασκευή,1
23060,HD,Σάββατο,1
23060,HD,Κυριακή,1
23062,HD,Τετάρτη,1
23062,HD,Πέμπτη,1
23062,HD,Παρασκευή,1
23062,HD,Σάββατο,1
23062,HD,Κυριακή,1
23067,HD,Τετάρτη,1
23067,HD,Πέμπτη,1
23067,HD,Παρασκευή,1
23067,HD,Σάββατο,1
23067,HD,Κυριακή,1
23070,HD,Τετάρτη,1
23070,HD,Πέμπτη,1
23070,HD,Παρασκευή,1
23070,HD,Σάββατο,1
23070,HD,Κυριακή,1
23071,HD,Τετάρτη,1
23071,HD,Πέμπτη,1
23071,HD,Παρασκευή,1
23071,HD,Σάββατο,1
23071,HD,Κυριακή,1
23100,HD,Τετάρτη,1
23100,HD,Πέμπτη,1
23100,HD,Παρασκευή,1
23100,HD,Σάββατο,1
23100,HD,Κυριακή,1
23200,HD,Τετάρτη,1
23200,HD,Πέμπτη,1
23200,HD,Παρασκευή,1
23200,HD,Σάββατο,1
23200,HD,Κυριακή,1
24001,HD,Τετάρτη,1
24001,HD,Πέμπτη,1
24001,HD,Παρασκευή,1
24001,HD,Σάββατο,1
24001,HD,Κυριακή,1
24002,HD,Τετάρτη,1
24002,HD,Πέμπτη,1
24002,HD,Παρασκευή,1
24002,HD,Σάββατο,1
24002,HD,Κυριακή,1
24003,HD,Τετάρτη,1
24003,HD,Πέμπτη,1
24003,HD,Παρασκευή,1
24003,HD,Σάββατο,1
24003,HD,Κυριακή,1
24004,HD,Τετάρτη,1
24004,HD,Πέμπτη,1
24004,HD,Παρασκευή,1
24004,HD,Σάββατο,1
24004,HD,Κυριακή,1
24005,HD,Τετάρτη,1
24005,HD,Πέμπτη,1
24005,HD,Παρασκευή,1
24005,HD,Σάββατο,1
24005,HD,Κυριακή,1
24006,HD,Τετάρτη,1
24006,HD,Πέμπτη,1
24006,HD,Παρασκευή,1
24006,HD,Σάββατο,1
24006,HD,Κυριακή,1
24008,HD,Τετάρτη,1
24008,HD,Πέμπτη,1
24008,HD,Παρασκευή,1
24008,HD,Σάββατο,1
24008,HD,Κυριακή,1
24009,HD,Τετάρτη,1
24009,HD,Πέμπτη,1
24009,HD,Παρασκευή,1
24009,HD,Σάββατο,1
24009,HD,Κυριακή,1
24010,HD,Τετάρτη,1
24010,HD,Πέμπτη,1
24010,HD,Παρασκευή,1
24010,HD,Σάββατο,1
24010,HD,Κυριακή,1
24011,HD,Τετάρτη,1
24011,HD,Πέμπτη,1
24011,HD,Παρασκευή,1
24011,HD,Σάββατο,1
24011,HD,Κυριακή,1
24013,HD,Τετάρτη,1
24013,HD,Πέμπτη,1
24013,HD,Παρασκευή,1
24013,HD,Σάββατο,1
24013,HD,Κυριακή,1
24014,HD,Τετάρτη,1
24014,HD,Πέμπτη,1
24014,HD,Παρασκευή,1
24014,HD,Σάββατο,1
24014,HD,Κυριακή,1
24015,HD,Τετάρτη,1
24015,HD,Πέμπτη,1
24015,HD,Παρασκευή,1
24015,HD,Σάββατο,1
24015,HD,Κυριακή,1
24016,HD,Τετάρτη,1
24016,HD,Πέμπτη,1
24016,HD,Παρασκευή,1
24016,HD,Σάββατο,1
24016,HD,Κυριακή,1
24022,HD,Τετάρτη,1
24022,HD,Πέμπτη,1
24022,HD,Παρασκευή,1
24022,HD,Σάββατο,1
24022,HD,Κυριακή,1
24024,HD,Τετάρτη,1
24024,HD,Πέμπτη,1
24024,HD,Παρασκευή,1
24024,HD,Σάββατο,1
24024,HD,Κυριακή,1
24100,HD,Τετάρτη,1
24100,HD,Πέμπτη,1
24100,HD,Παρασκευή,1
24100,HD,Σάββατο,1
24100,HD,Κυριακή,1
24131,HD,Τετάρτη,1
24131,HD,Πέμπτη,1
24131,HD,Παρασκευή,1
24131,HD,Σάββατο,1
24131,HD,Κυριακή,1
24132,HD,Τετάρτη,1
24132,HD,Πέμπτη,1
24132,HD,Παρασκευή,1
24132,HD,Σάββατο,1
24132,HD,Κυριακή,1
24133,HD,Τετάρτη,1
24133,HD,Πέμπτη,1
24133,HD,Παρασκευή,1
24133,HD,Σάββατο,1
24133,HD,Κυριακή,1
24134,HD,Τετάρτη,1
24134,HD,Πέμπτη,1
24134,HD,Παρασκευή,1
24134,HD,Σάββατο,1
24134,HD,Κυριακή,1
24200,HD,Τετάρτη,1
24200,HD,Πέμπτη,1
24200,HD,Παρασκευή,1
24200,HD,Σάββατο,1
24200,HD,Κυριακή,1
24300,HD,Τετάρτη,1
24300,HD,Πέμπτη,1
24300,HD,Παρασκευή,1
24300,HD,Σάββατο,1
24300,HD,Κυριακή,1
24400,HD,Τετάρτη,1
24400,HD,Πέμπτη,1
24400,HD,Παρασκευή,1
24400,HD,Σάββατο,1
24400,HD,Κυριακή,1
24500,HD,Τετάρτη,1
24500,HD,Πέμπτη,1
24500,HD,Παρασκευή,1
24500,HD,Σάββατο,1
24500,HD,Κυριακή,1
24600,HD,Τετάρτη,1
24600,HD,Πέμπτη,1
24600,HD,Παρασκευή,1
24600,HD,Σάββατο,1
24600,HD,Κυριακή,1
22001,HD,Τετάρτη,1
22001,HD,Πέμπτη,1
22001,HD,Παρασκευή,1
22001,HD,Σάββατο,1
22001,HD,Κυριακή,1
22002,HD,Τετάρτη,1
22002,HD,Πέμπτη,1
22002,HD,Παρασκευή,1
22002,HD,Σάββατο,1
22002,HD,Κυριακή,1
22003,HD,Τετάρτη,1
22003,HD,Πέμπτη,1
22003,HD,Παρασκευή,1
22003,HD,Σάββατο,1
22003,HD,Κυριακή,1
22007,HD,Τετάρτη,1
22007,HD,Πέμπτη,1
22007,HD,Παρασκευή,1
22007,HD,Σάββατο,1
22007,HD,Κυριακή,1
22008,HD,Τετάρτη,1
22008,HD,Πέμπτη,1
22008,HD,Παρασκευή,1
22008,HD,Σάββατο,1
22008,HD,Κυριακή,1
22009,HD,Τετάρτη,1
22009,HD,Πέμπτη,1
22009,HD,Παρασκευή,1
22009,HD,Σάββατο,1
22009,HD,Κυριακή,1
22010,HD,Τετάρτη,1
22010,HD,Πέμπτη,1
22010,HD,Παρασκευή,1
22010,HD,Σάββατο,1
22010,HD,Κυριακή,1
22011,FRW,null,1
22012,HD,Τετάρτη,1
22012,HD,Πέμπτη,1
22012,HD,Παρασκευή,1
22012,HD,Σάββατο,1
22012,HD,Κυριακή,1
22013,HD,Τετάρτη,1
22013,HD,Πέμπτη,1
22013,HD,Παρασκευή,1
22013,HD,Σάββατο,1
22013,HD,Κυριακή,1
22015,FRW,null,1
22016,HD,Τετάρτη,1
22016,HD,Πέμπτη,1
22016,HD,Παρασκευή,1
22016,HD,Σάββατο,1
22016,HD,Κυριακή,1
22021,HD,Τετάρτη,1
22021,HD,Πέμπτη,1
22021,HD,Παρασκευή,1
22021,HD,Σάββατο,1
22021,HD,Κυριακή,1
22022,HD,Τετάρτη,1
22022,HD,Πέμπτη,1
22022,HD,Παρασκευή,1
22022,HD,Σάββατο,1
22022,HD,Κυριακή,1
22024,HD,Τετάρτη,1
22024,HD,Πέμπτη,1
22024,HD,Παρασκευή,1
22024,HD,Σάββατο,1
22024,HD,Κυριακή,1
22027,HD,Τετάρτη,1
22027,HD,Πέμπτη,1
22027,HD,Παρασκευή,1
22027,HD,Σάββατο,1
22027,HD,Κυριακή,1
22028,FRW,null,1
22100,HD,Τετάρτη,1
22100,HD,Πέμπτη,1
22100,HD,Παρασκευή,1
22100,HD,Σάββατο,1
22100,HD,Κυριακή,1
22131,HD,Τετάρτη,1
22131,HD,Πέμπτη,1
22131,HD,Παρασκευή,1
22131,HD,Σάββατο,1
22131,HD,Κυριακή,1
22132,HD,Τετάρτη,1
22132,HD,Πέμπτη,1
22132,HD,Παρασκευή,1
22132,HD,Σάββατο,1
22132,HD,Κυριακή,1
22200,HD,Τετάρτη,1
22200,HD,Πέμπτη,1
22200,HD,Παρασκευή,1
22200,HD,Σάββατο,1
22200,HD,Κυριακή,1
22300,HD,Τετάρτη,1
22300,HD,Πέμπτη,1
22300,HD,Παρασκευή,1
22300,HD,Σάββατο,1
22300,HD,Κυριακή,1
27050,HD,Τετάρτη,1
27050,HD,Πέμπτη,1
27050,HD,Παρασκευή,1
27050,HD,Σάββατο,1
27050,HD,Κυριακή,1
27051,HD,Τετάρτη,1
27051,HD,Πέμπτη,1
27051,HD,Παρασκευή,1
27051,HD,Σάββατο,1
27051,HD,Κυριακή,1
27052,HD,Τετάρτη,1
27052,HD,Πέμπτη,1
27052,HD,Παρασκευή,1
27052,HD,Σάββατο,1
27052,HD,Κυριακή,1
27053,HD,Τετάρτη,1
27053,HD,Πέμπτη,1
27053,HD,Παρασκευή,1
27053,HD,Σάββατο,1
27053,HD,Κυριακή,1
27054,HD,Τετάρτη,1
27054,HD,Πέμπτη,1
27054,HD,Παρασκευή,1
27054,HD,Σάββατο,1
27054,HD,Κυριακή,1
27055,HD,Τετάρτη,1
27055,HD,Πέμπτη,1
27055,HD,Παρασκευή,1
27055,HD,Σάββατο,1
27055,HD,Κυριακή,1
27056,HD,Τετάρτη,1
27056,HD,Πέμπτη,1
27056,HD,Παρασκευή,1
27056,HD,Σάββατο,1
27056,HD,Κυριακή,1
27057,HD,Τετάρτη,1
27057,HD,Πέμπτη,1
27057,HD,Παρασκευή,1
27057,HD,Σάββατο,1
27057,HD,Κυριακή,1
27058,HD,Τετάρτη,1
27058,HD,Πέμπτη,1
27058,HD,Παρασκευή,1
27058,HD,Σάββατο,1
27058,HD,Κυριακή,1
27061,HD,Τετάρτη,1
27061,HD,Πέμπτη,1
27061,HD,Παρασκευή,1
27061,HD,Σάββατο,1
27061,HD,Κυριακή,1
27062,HD,Τετάρτη,1
27062,HD,Πέμπτη,1
27062,HD,Παρασκευή,1
27062,HD,Σάββατο,1
27062,HD,Κυριακή,1
27063,FRW,null,1
27064,HD,Τετάρτη,1
27064,HD,Πέμπτη,1
27064,HD,Παρασκευή,1
27064,HD,Σάββατο,1
27064,HD,Κυριακή,1
27065,HD,Τετάρτη,1
27065,HD,Πέμπτη,1
27065,HD,Παρασκευή,1
27065,HD,Σάββατο,1
27065,HD,Κυριακή,1
27066,HD,Τετάρτη,1
27066,HD,Πέμπτη,1
27066,HD,Παρασκευή,1
27066,HD,Σάββατο,1
27066,HD,Κυριακή,1
27067,HD,Τετάρτη,1
27067,HD,Πέμπτη,1
27067,HD,Παρασκευή,1
27067,HD,Σάββατο,1
27067,HD,Κυριακή,1
27068,HD,Τετάρτη,1
27068,HD,Πέμπτη,1
27068,HD,Παρασκευή,1
27068,HD,Σάββατο,1
27068,HD,Κυριακή,1
27069,HD,Τετάρτη,1
27069,HD,Πέμπτη,1
27069,HD,Παρασκευή,1
27069,HD,Σάββατο,1
27069,HD,Κυριακή,1
27100,HD,Τετάρτη,1
27100,HD,Πέμπτη,1
27100,HD,Παρασκευή,1
27100,HD,Σάββατο,1
27100,HD,Κυριακή,1
27131,HD,Τετάρτη,1
27131,HD,Πέμπτη,1
27131,HD,Παρασκευή,1
27131,HD,Σάββατο,1
27131,HD,Κυριακή,1
27200,HD,Τετάρτη,1
27200,HD,Πέμπτη,1
27200,HD,Παρασκευή,1
27200,HD,Σάββατο,1
27200,HD,Κυριακή,1
27300,HD,Τετάρτη,1
27300,HD,Πέμπτη,1
27300,HD,Παρασκευή,1
27300,HD,Σάββατο,1
27300,HD,Κυριακή,1
18020,HD,Τετάρτη,1
18020,HD,Πέμπτη,1
18020,HD,Παρασκευή,1
18020,HD,Σάββατο,1
18020,HD,Κυριακή,1
21051,HD,Τετάρτη,1
21051,HD,Πέμπτη,1
21051,HD,Παρασκευή,1
21051,HD,Σάββατο,1
21051,HD,Κυριακή,1
21052,HD,Τετάρτη,1
21052,HD,Πέμπτη,1
21052,HD,Παρασκευή,1
21052,HD,Σάββατο,1
21052,HD,Κυριακή,1
21053,HD,Τετάρτη,1
21053,HD,Πέμπτη,1
21053,HD,Παρασκευή,1
21053,HD,Σάββατο,1
21053,HD,Κυριακή,1
21054,HD,Τετάρτη,1
21054,HD,Πέμπτη,1
21054,HD,Παρασκευή,1
21054,HD,Σάββατο,1
21054,HD,Κυριακή,1
21055,HD,Τετάρτη,1
21055,HD,Πέμπτη,1
21055,HD,Παρασκευή,1
21055,HD,Σάββατο,1
21055,HD,Κυριακή,1
21059,HD,Τετάρτη,1
21059,HD,Πέμπτη,1
21059,HD,Παρασκευή,1
21059,HD,Σάββατο,1
21059,HD,Κυριακή,1
21060,HD,Τετάρτη,1
21060,HD,Πέμπτη,1
21060,HD,Παρασκευή,1
21060,HD,Σάββατο,1
21060,HD,Κυριακή,1
21100,HD,Τετάρτη,1
21100,HD,Πέμπτη,1
21100,HD,Παρασκευή,1
21100,HD,Σάββατο,1
21100,HD,Κυριακή,1
21200,HD,Τετάρτη,1
21200,HD,Πέμπτη,1
21200,HD,Παρασκευή,1
21200,HD,Σάββατο,1
21200,HD,Κυριακή,1
21231,HD,Τετάρτη,1
21231,HD,Πέμπτη,1
21231,HD,Παρασκευή,1
21231,HD,Σάββατο,1
21231,HD,Κυριακή,1
21232,HD,Τετάρτη,1
21232,HD,Πέμπτη,1
21232,HD,Παρασκευή,1
21232,HD,Σάββατο,1
21232,HD,Κυριακή,1
21300,HD,Τετάρτη,1
21300,HD,Πέμπτη,1
21300,HD,Παρασκευή,1
21300,HD,Σάββατο,1
21300,HD,Κυριακή,1
20001,HD,Τετάρτη,1
20001,HD,Πέμπτη,1
20001,HD,Παρασκευή,1
20001,HD,Σάββατο,1
20001,HD,Κυριακή,1
20002,HD,Τετάρτη,1
20002,HD,Πέμπτη,1
20002,HD,Παρασκευή,1
20002,HD,Σάββατο,1
20002,HD,Κυριακή,1
20003,HD,Τετάρτη,1
20003,HD,Πέμπτη,1
20003,HD,Παρασκευή,1
20003,HD,Σάββατο,1
20003,HD,Κυριακή,1
20004,HD,Τετάρτη,1
20004,HD,Πέμπτη,1
20004,HD,Παρασκευή,1
20004,HD,Σάββατο,1
20004,HD,Κυριακή,1
20005,HD,Τετάρτη,1
20005,HD,Πέμπτη,1
20005,HD,Παρασκευή,1
20005,HD,Σάββατο,1
20005,HD,Κυριακή,1
20006,HD,Τετάρτη,1
20006,HD,Πέμπτη,1
20006,HD,Παρασκευή,1
20006,HD,Σάββατο,1
20006,HD,Κυριακή,1
20007,HD,Τετάρτη,1
20007,HD,Πέμπτη,1
20007,HD,Παρασκευή,1
20007,HD,Σάββατο,1
20007,HD,Κυριακή,1
20008,HD,Τετάρτη,1
20008,HD,Πέμπτη,1
20008,HD,Παρασκευή,1
20008,HD,Σάββατο,1
20008,HD,Κυριακή,1
20009,HD,Τετάρτη,1
20009,HD,Πέμπτη,1
20009,HD,Παρασκευή,1
20009,HD,Σάββατο,1
20009,HD,Κυριακή,1
20010,HD,Τετάρτη,1
20010,HD,Πέμπτη,1
20010,HD,Παρασκευή,1
20010,HD,Σάββατο,1
20010,HD,Κυριακή,1
20011,HD,Τετάρτη,1
20011,HD,Πέμπτη,1
20011,HD,Παρασκευή,1
20011,HD,Σάββατο,1
20011,HD,Κυριακή,1
20014,FRW,null,1
20016,FRW,null,1
20100,HD,Τετάρτη,1
20100,HD,Πέμπτη,1
20100,HD,Παρασκευή,1
20100,HD,Σάββατο,1
20100,HD,Κυριακή,1
20131,HD,Τετάρτη,1
20131,HD,Πέμπτη,1
20131,HD,Παρασκευή,1
20131,HD,Σάββατο,1
20131,HD,Κυριακή,1
20132,HD,Τετάρτη,1
20132,HD,Πέμπτη,1
20132,HD,Παρασκευή,1
20132,HD,Σάββατο,1
20132,HD,Κυριακή,1
20200,HD,Τετάρτη,1
20200,HD,Πέμπτη,1
20200,HD,Παρασκευή,1
20200,HD,Σάββατο,1
20200,HD,Κυριακή,1
20300,HD,Τετάρτη,1
20300,HD,Πέμπτη,1
20300,HD,Παρασκευή,1
20300,HD,Σάββατο,1
20300,HD,Κυριακή,1
20400,HD,Τετάρτη,1
20400,HD,Πέμπτη,1
20400,HD,Παρασκευή,1
20400,HD,Σάββατο,1
20400,HD,Κυριακή,1
20500,FRW,null,1
25001,FRW,null,1
25002,HD,Τετάρτη,1
25002,HD,Πέμπτη,1
25002,HD,Παρασκευή,1
25002,HD,Σάββατο,1
25002,HD,Κυριακή,1
25003,HD,Τετάρτη,1
25003,HD,Πέμπτη,1
25003,HD,Παρασκευή,1
25003,HD,Σάββατο,1
25003,HD,Κυριακή,1
25004,HD,Τετάρτη,1
25004,HD,Πέμπτη,1
25004,HD,Παρασκευή,1
25004,HD,Σάββατο,1
25004,HD,Κυριακή,1
25005,HD,Τετάρτη,1
25005,HD,Πέμπτη,1
25005,HD,Παρασκευή,1
25005,HD,Σάββατο,1
25005,HD,Κυριακή,1
25006,HD,Τετάρτη,1
25006,HD,Πέμπτη,1
25006,HD,Παρασκευή,1
25006,HD,Σάββατο,1
25006,HD,Κυριακή,1
25007,FRW,null,1
25008,FRW,null,1
25009,HD,Τετάρτη,1
25009,HD,Πέμπτη,1
25009,HD,Παρασκευή,1
25009,HD,Σάββατο,1
25009,HD,Κυριακή,1
25010,HD,Τετάρτη,1
25010,HD,Πέμπτη,1
25010,HD,Παρασκευή,1
25010,HD,Σάββατο,1
25010,HD,Κυριακή,1
25015,FRW,null,1
25016,FRW,null,1
25018,FRW,null,1
25100,HD,Τετάρτη,1
25100,HD,Πέμπτη,1
25100,HD,Παρασκευή,1
25100,HD,Σάββατο,1
25100,HD,Κυριακή,1
25200,HD,Τετάρτη,1
25200,HD,Πέμπτη,1
25200,HD,Παρασκευή,1
25200,HD,Σάββατο,1
25200,HD,Κυριακή,1
26221,HD,Τετάρτη,1
26221,HD,Πέμπτη,1
26221,HD,Παρασκευή,1
26221,HD,Σάββατο,1
26221,HD,Κυριακή,1
26222,HD,Τετάρτη,1
26222,HD,Πέμπτη,1
26222,HD,Παρασκευή,1
26222,HD,Σάββατο,1
26222,HD,Κυριακή,1
26223,HD,Τετάρτη,1
26223,HD,Πέμπτη,1
26223,HD,Παρασκευή,1
26223,HD,Σάββατο,1
26223,HD,Κυριακή,1
26224,HD,Τετάρτη,1
26224,HD,Πέμπτη,1
26224,HD,Παρασκευή,1
26224,HD,Σάββατο,1
26224,HD,Κυριακή,1
26225,HD,Τετάρτη,1
26225,HD,Πέμπτη,1
26225,HD,Παρασκευή,1
26225,HD,Σάββατο,1
26225,HD,Κυριακή,1
26226,HD,Τετάρτη,1
26226,HD,Πέμπτη,1
26226,HD,Παρασκευή,1
26226,HD,Σάββατο,1
26226,HD,Κυριακή,1
26331,HD,Τετάρτη,1
26331,HD,Πέμπτη,1
26331,HD,Παρασκευή,1
26331,HD,Σάββατο,1
26331,HD,Κυριακή,1
26332,HD,Τετάρτη,1
26332,HD,Πέμπτη,1
26332,HD,Παρασκευή,1
26332,HD,Σάββατο,1
26332,HD,Κυριακή,1
26333,HD,Τετάρτη,1
26333,HD,Πέμπτη,1
26333,HD,Παρασκευή,1
26333,HD,Σάββατο,1
26333,HD,Κυριακή,1
26334,HD,Τετάρτη,1
26334,HD,Πέμπτη,1
26334,HD,Παρασκευή,1
26334,HD,Σάββατο,1
26334,HD,Κυριακή,1
26335,HD,Τετάρτη,1
26335,HD,Πέμπτη,1
26335,HD,Παρασκευή,1
26335,HD,Σάββατο,1
26335,HD,Κυριακή,1
26441,HD,Τετάρτη,1
26441,HD,Πέμπτη,1
26441,HD,Παρασκευή,1
26441,HD,Σάββατο,1
26441,HD,Κυριακή,1
26442,HD,Τετάρτη,1
26442,HD,Πέμπτη,1
26442,HD,Παρασκευή,1
26442,HD,Σάββατο,1
26442,HD,Κυριακή,1
26443,HD,Τετάρτη,1
26443,HD,Πέμπτη,1
26443,HD,Παρασκευή,1
26443,HD,Σάββατο,1
26443,HD,Κυριακή,1
26500,HD,Τετάρτη,1
26500,HD,Πέμπτη,1
26500,HD,Παρασκευή,1
26500,HD,Σάββατο,1
26500,HD,Κυριακή,1
26504,HD,Τετάρτη,1
26504,HD,Πέμπτη,1
26504,HD,Παρασκευή,1
26504,HD,Σάββατο,1
26504,HD,Κυριακή,1
68001,HD,Τετάρτη,1
68001,HD,Πέμπτη,1
68001,HD,Παρασκευή,1
68001,HD,Σάββατο,1
68001,HD,Κυριακή,1
68003,HD,Τετάρτη,1
68003,HD,Πέμπτη,1
68003,HD,Παρασκευή,1
68003,HD,Σάββατο,1
68003,HD,Κυριακή,1
68004,HD,Τετάρτη,1
68004,HD,Πέμπτη,1
68004,HD,Παρασκευή,1
68004,HD,Σάββατο,1
68004,HD,Κυριακή,1
68006,HD,Τετάρτη,1
68006,HD,Πέμπτη,1
68006,HD,Παρασκευή,1
68006,HD,Σάββατο,1
68006,HD,Κυριακή,1
68007,HD,Τετάρτη,1
68007,HD,Πέμπτη,1
68007,HD,Παρασκευή,1
68007,HD,Σάββατο,1
68007,HD,Κυριακή,1
68008,HD,Τετάρτη,1
68008,HD,Πέμπτη,1
68008,HD,Παρασκευή,1
68008,HD,Σάββατο,1
68008,HD,Κυριακή,1
68010,HD,Τετάρτη,1
68010,HD,Πέμπτη,1
68010,HD,Παρασκευή,1
68010,HD,Σάββατο,1
68010,HD,Κυριακή,1
68012,HD,Τετάρτη,1
68012,HD,Πέμπτη,1
68012,HD,Παρασκευή,1
68012,HD,Σάββατο,1
68012,HD,Κυριακή,1
68013,HD,Τετάρτη,1
68013,HD,Πέμπτη,1
68013,HD,Παρασκευή,1
68013,HD,Σάββατο,1
68013,HD,Κυριακή,1
68014,HD,Τετάρτη,1
68014,HD,Πέμπτη,1
68014,HD,Παρασκευή,1
68014,HD,Σάββατο,1
68014,HD,Κυριακή,1
68100,HD,Τετάρτη,1
68100,HD,Πέμπτη,1
68100,HD,Παρασκευή,1
68100,HD,Σάββατο,1
68100,HD,Κυριακή,1
68131,HD,Τετάρτη,1
68131,HD,Πέμπτη,1
68131,HD,Παρασκευή,1
68131,HD,Σάββατο,1
68131,HD,Κυριακή,1
68132,HD,Τετάρτη,1
68132,HD,Πέμπτη,1
68132,HD,Παρασκευή,1
68132,HD,Σάββατο,1
68132,HD,Κυριακή,1
68133,HD,Τετάρτη,1
68133,HD,Πέμπτη,1
68133,HD,Παρασκευή,1
68133,HD,Σάββατο,1
68133,HD,Κυριακή,1
68200,HD,Τετάρτη,1
68200,HD,Πέμπτη,1
68200,HD,Παρασκευή,1
68200,HD,Σάββατο,1
68200,HD,Κυριακή,1
68300,HD,Τετάρτη,1
68300,HD,Πέμπτη,1
68300,HD,Παρασκευή,1
68300,HD,Σάββατο,1
68300,HD,Κυριακή,1
68400,HD,Τετάρτη,1
68400,HD,Πέμπτη,1
68400,HD,Παρασκευή,1
68400,HD,Σάββατο,1
68400,HD,Κυριακή,1
68500,HD,Τετάρτη,1
68500,HD,Πέμπτη,1
68500,HD,Παρασκευή,1
68500,HD,Σάββατο,1
68500,HD,Κυριακή,1
67061,HD,Τετάρτη,1
67061,HD,Πέμπτη,1
67061,HD,Παρασκευή,1
67061,HD,Σάββατο,1
67061,HD,Κυριακή,1
67062,HD,Τετάρτη,1
67062,HD,Πέμπτη,1
67062,HD,Παρασκευή,1
67062,HD,Σάββατο,1
67062,HD,Κυριακή,1
67064,HD,Τετάρτη,1
67064,HD,Πέμπτη,1
67064,HD,Παρασκευή,1
67064,HD,Σάββατο,1
67064,HD,Κυριακή,1
67100,HD,Τετάρτη,1
67100,HD,Πέμπτη,1
67100,HD,Παρασκευή,1
67100,HD,Σάββατο,1
67100,HD,Κυριακή,1
67131,HD,Τετάρτη,1
67131,HD,Πέμπτη,1
67131,HD,Παρασκευή,1
67131,HD,Σάββατο,1
67131,HD,Κυριακή,1
67132,HD,Τετάρτη,1
67132,HD,Πέμπτη,1
67132,HD,Παρασκευή,1
67132,HD,Σάββατο,1
67132,HD,Κυριακή,1
67133,HD,Τετάρτη,1
67133,HD,Πέμπτη,1
67133,HD,Παρασκευή,1
67133,HD,Σάββατο,1
67133,HD,Κυριακή,1
67200,HD,Τετάρτη,1
67200,HD,Πέμπτη,1
67200,HD,Παρασκευή,1
67200,HD,Σάββατο,1
67200,HD,Κυριακή,1
67300,HD,Τετάρτη,1
67300,HD,Πέμπτη,1
67300,HD,Παρασκευή,1
67300,HD,Σάββατο,1
67300,HD,Κυριακή,1
64001,HD,Τετάρτη,1
64001,HD,Πέμπτη,1
64001,HD,Παρασκευή,1
64001,HD,Σάββατο,1
64001,HD,Κυριακή,1
64002,FRW,null,1
64003,HD,Τετάρτη,1
64003,HD,Πέμπτη,1
64003,HD,Παρασκευή,1
64003,HD,Σάββατο,1
64003,HD,Κυριακή,1
64004,FRW,null,1
64005,FRW,null,1
64006,HD,Τετάρτη,1
64006,HD,Πέμπτη,1
64006,HD,Παρασκευή,1
64006,HD,Σάββατο,1
64006,HD,Κυριακή,1
64007,HD,Τετάρτη,1
64007,HD,Πέμπτη,1
64007,HD,Παρασκευή,1
64007,HD,Σάββατο,1
64007,HD,Κυριακή,1
64008,HD,Τετάρτη,1
64008,HD,Πέμπτη,1
64008,HD,Παρασκευή,1
64008,HD,Σάββατο,1
64008,HD,Κυριακή,1
64009,HD,Τετάρτη,1
64009,HD,Πέμπτη,1
64009,HD,Παρασκευή,1
64009,HD,Σάββατο,1
64009,HD,Κυριακή,1
64010,FRW,null,1
64011,HD,Τετάρτη,1
64011,HD,Πέμπτη,1
64011,HD,Παρασκευή,1
64011,HD,Σάββατο,1
64011,HD,Κυριακή,1
64012,HD,Τετάρτη,1
64012,HD,Πέμπτη,1
64012,HD,Παρασκευή,1
64012,HD,Σάββατο,1
64012,HD,Κυριακή,1
64100,HD,Τετάρτη,1
64100,HD,Πέμπτη,1
64100,HD,Παρασκευή,1
64100,HD,Σάββατο,1
64100,HD,Κυριακή,1
64200,HD,Τετάρτη,1
64200,HD,Πέμπτη,1
64200,HD,Παρασκευή,1
64200,HD,Σάββατο,1
64200,HD,Κυριακή,1
65201,HD,Τετάρτη,1
65201,HD,Πέμπτη,1
65201,HD,Παρασκευή,1
65201,HD,Σάββατο,1
65201,HD,Κυριακή,1
65302,HD,Τετάρτη,1
65302,HD,Πέμπτη,1
65302,HD,Παρασκευή,1
65302,HD,Σάββατο,1
65302,HD,Κυριακή,1
65403,HD,Τετάρτη,1
65403,HD,Πέμπτη,1
65403,HD,Παρασκευή,1
65403,HD,Σάββατο,1
65403,HD,Κυριακή,1
65404,HD,Τετάρτη,1
65404,HD,Πέμπτη,1
65404,HD,Παρασκευή,1
65404,HD,Σάββατο,1
65404,HD,Κυριακή,1
65500,HD,Τετάρτη,1
65500,HD,Πέμπτη,1
65500,HD,Παρασκευή,1
65500,HD,Σάββατο,1
65500,HD,Κυριακή,1
66031,HD,Τετάρτη,1
66031,HD,Πέμπτη,1
66031,HD,Παρασκευή,1
66031,HD,Σάββατο,1
66031,HD,Κυριακή,1
66032,HD,Τετάρτη,1
66032,HD,Πέμπτη,1
66032,HD,Παρασκευή,1
66032,HD,Σάββατο,1
66032,HD,Κυριακή,1
66033,HD,Τετάρτη,1
66033,HD,Πέμπτη,1
66033,HD,Παρασκευή,1
66033,HD,Σάββατο,1
66033,HD,Κυριακή,1
66034,HD,Τετάρτη,1
66034,HD,Πέμπτη,1
66034,HD,Παρασκευή,1
66034,HD,Σάββατο,1
66034,HD,Κυριακή,1
66035,HD,Τετάρτη,1
66035,HD,Πέμπτη,1
66035,HD,Παρασκευή,1
66035,HD,Σάββατο,1
66035,HD,Κυριακή,1
66037,HD,Τετάρτη,1
66037,HD,Πέμπτη,1
66037,HD,Παρασκευή,1
66037,HD,Σάββατο,1
66037,HD,Κυριακή,1
66100,HD,Τετάρτη,1
66100,HD,Πέμπτη,1
66100,HD,Παρασκευή,1
66100,HD,Σάββατο,1
66100,HD,Κυριακή,1
66131,HD,Τετάρτη,1
66131,HD,Πέμπτη,1
66131,HD,Παρασκευή,1
66131,HD,Σάββατο,1
66131,HD,Κυριακή,1
66132,HD,Τετάρτη,1
66132,HD,Πέμπτη,1
66132,HD,Παρασκευή,1
66132,HD,Σάββατο,1
66132,HD,Κυριακή,1
66133,HD,Τετάρτη,1
66133,HD,Πέμπτη,1
66133,HD,Παρασκευή,1
66133,HD,Σάββατο,1
66133,HD,Κυριακή,1
66200,HD,Τετάρτη,1
66200,HD,Πέμπτη,1
66200,HD,Παρασκευή,1
66200,HD,Σάββατο,1
66200,HD,Κυριακή,1
66300,HD,Τετάρτη,1
66300,HD,Πέμπτη,1
66300,HD,Παρασκευή,1
66300,HD,Σάββατο,1
66300,HD,Κυριακή,1
61002,FRW,null,1
61003,FRW,null,1
61007,FRW,null,1
61100,HD,Τετάρτη,1
61100,HD,Πέμπτη,1
61100,HD,Παρασκευή,1
61100,HD,Σάββατο,1
61100,HD,Κυριακή,1
61200,HD,Τετάρτη,1
61200,HD,Πέμπτη,1
61200,HD,Παρασκευή,1
61200,HD,Σάββατο,1
61200,HD,Κυριακή,1
61300,FRW,null,1
61400,FRW,null,1
58001,HD,Τετάρτη,1
58001,HD,Πέμπτη,1
58001,HD,Παρασκευή,1
58001,HD,Σάββατο,1
58001,HD,Κυριακή,1
58002,FRW,null,1
58004,FRW,null,1
58005,FRW,null,1
58100,HD,Τετάρτη,1
58100,HD,Πέμπτη,1
58100,HD,Παρασκευή,1
58100,HD,Σάββατο,1
58100,HD,Κυριακή,1
58200,HD,Τετάρτη,1
58200,HD,Πέμπτη,1
58200,HD,Παρασκευή,1
58200,HD,Σάββατο,1
58200,HD,Κυριακή,1
58300,HD,Τετάρτη,1
58300,HD,Πέμπτη,1
58300,HD,Παρασκευή,1
58300,HD,Σάββατο,1
58300,HD,Κυριακή,1
58400,FRW,null,1
58500,HD,Τετάρτη,1
58500,HD,Πέμπτη,1
58500,HD,Παρασκευή,1
58500,HD,Σάββατο,1
58500,HD,Κυριακή,1
59031,HD,Τετάρτη,1
59031,HD,Πέμπτη,1
59031,HD,Παρασκευή,1
59031,HD,Σάββατο,1
59031,HD,Κυριακή,1
59034,HD,Τετάρτη,1
59034,HD,Πέμπτη,1
59034,HD,Παρασκευή,1
59034,HD,Σάββατο,1
59034,HD,Κυριακή,1
59035,HD,Τετάρτη,1
59035,HD,Πέμπτη,1
59035,HD,Παρασκευή,1
59035,HD,Σάββατο,1
59035,HD,Κυριακή,1
59131,HD,Τετάρτη,1
59131,HD,Πέμπτη,1
59131,HD,Παρασκευή,1
59131,HD,Σάββατο,1
59131,HD,Κυριακή,1
59132,HD,Τετάρτη,1
59132,HD,Πέμπτη,1
59132,HD,Παρασκευή,1
59132,HD,Σάββατο,1
59132,HD,Κυριακή,1
59150,HD,Τετάρτη,1
59150,HD,Πέμπτη,1
59150,HD,Παρασκευή,1
59150,HD,Σάββατο,1
59150,HD,Κυριακή,1
59200,HD,Τετάρτη,1
59200,HD,Πέμπτη,1
59200,HD,Παρασκευή,1
59200,HD,Σάββατο,1
59200,HD,Κυριακή,1
59300,HD,Τετάρτη,1
59300,HD,Πέμπτη,1
59300,HD,Παρασκευή,1
59300,HD,Σάββατο,1
59300,HD,Κυριακή,1
60061,HD,Τετάρτη,1
60061,HD,Πέμπτη,1
60061,HD,Παρασκευή,1
60061,HD,Σάββατο,1
60061,HD,Κυριακή,1
60062,HD,Τετάρτη,1
60062,HD,Πέμπτη,1
60062,HD,Παρασκευή,1
60062,HD,Σάββατο,1
60062,HD,Κυριακή,1
60063,HD,Τετάρτη,1
60063,HD,Πέμπτη,1
60063,HD,Παρασκευή,1
60063,HD,Σάββατο,1
60063,HD,Κυριακή,1
60064,HD,Τετάρτη,1
60064,HD,Πέμπτη,1
60064,HD,Παρασκευή,1
60064,HD,Σάββατο,1
60064,HD,Κυριακή,1
60065,HD,Τετάρτη,1
60065,HD,Πέμπτη,1
60065,HD,Παρασκευή,1
60065,HD,Σάββατο,1
60065,HD,Κυριακή,1
60066,HD,Τετάρτη,1
60066,HD,Πέμπτη,1
60066,HD,Παρασκευή,1
60066,HD,Σάββατο,1
60066,HD,Κυριακή,1
60100,HD,Τετάρτη,1
60100,HD,Πέμπτη,1
60100,HD,Παρασκευή,1
60100,HD,Σάββατο,1
60100,HD,Κυριακή,1
60131,HD,Τετάρτη,1
60131,HD,Πέμπτη,1
60131,HD,Παρασκευή,1
60131,HD,Σάββατο,1
60131,HD,Κυριακή,1
60132,HD,Τετάρτη,1
60132,HD,Πέμπτη,1
60132,HD,Παρασκευή,1
60132,HD,Σάββατο,1
60132,HD,Κυριακή,1
60133,HD,Τετάρτη,1
60133,HD,Πέμπτη,1
60133,HD,Παρασκευή,1
60133,HD,Σάββατο,1
60133,HD,Κυριακή,1
60134,HD,Τετάρτη,1
60134,HD,Πέμπτη,1
60134,HD,Παρασκευή,1
60134,HD,Σάββατο,1
60134,HD,Κυριακή,1
60200,HD,Τετάρτη,1
60200,HD,Πέμπτη,1
60200,HD,Παρασκευή,1
60200,HD,Σάββατο,1
60200,HD,Κυριακή,1
60300,HD,Τετάρτη,1
60300,HD,Πέμπτη,1
60300,HD,Παρασκευή,1
60300,HD,Σάββατο,1
60300,HD,Κυριακή,1
53070,HD,Τετάρτη,1
53070,HD,Πέμπτη,1
53070,HD,Παρασκευή,1
53070,HD,Σάββατο,1
53070,HD,Κυριακή,1
53071,FRW,null,1
53072,FRW,null,1
53073,FRW,null,1
53074,FRW,null,1
53075,FRW,null,1
53076,FRW,null,1
53077,FRW,null,1
53100,FRW,null,1
53200,HD,Τετάρτη,1
53200,HD,Πέμπτη,1
53200,HD,Παρασκευή,1
53200,HD,Σάββατο,1
53200,HD,Κυριακή,1
50007,FRW,null,1
52050,FRW,null,1
52051,FRW,null,1
52052,FRW,null,1
52053,FRW,null,1
52055,FRW,null,1
52056,FRW,null,1
52057,FRW,null,1
52058,FRW,null,1
52059,FRW,null,1
52100,FRW,null,1
52200,FRW,null,1
51030,FRW,null,1
51032,FRW,null,1
51100,HD,Τετάρτη,1
51100,HD,Πέμπτη,1
51100,HD,Παρασκευή,1
51100,HD,Σάββατο,1
51100,HD,Κυριακή,1
51200,FRW,null,1
50001,HD,Τετάρτη,1
50001,HD,Πέμπτη,1
50001,HD,Παρασκευή,1
50001,HD,Σάββατο,1
50001,HD,Κυριακή,1
50002,FRW,null,1
50003,FRW,null,1
50004,HD,Τετάρτη,1
50004,HD,Πέμπτη,1
50004,HD,Παρασκευή,1
50004,HD,Σάββατο,1
50004,HD,Κυριακή,1
50005,FRW,null,1
50006,FRW,null,1
50010,HD,Τετάρτη,1
50010,HD,Πέμπτη,1
50010,HD,Παρασκευή,1
50010,HD,Σάββατο,1
50010,HD,Κυριακή,1
50100,HD,Τετάρτη,1
50100,HD,Πέμπτη,1
50100,HD,Παρασκευή,1
50100,HD,Σάββατο,1
50100,HD,Κυριακή,1
50131,HD,Τετάρτη,1
50131,HD,Πέμπτη,1
50131,HD,Παρασκευή,1
50131,HD,Σάββατο,1
50131,HD,Κυριακή,1
50132,HD,Τετάρτη,1
50132,HD,Πέμπτη,1
50132,HD,Παρασκευή,1
50132,HD,Σάββατο,1
50132,HD,Κυριακή,1
50200,HD,Τετάρτη,1
50200,HD,Πέμπτη,1
50200,HD,Παρασκευή,1
50200,HD,Σάββατο,1
50200,HD,Κυριακή,1
50300,HD,Τετάρτη,1
50300,HD,Πέμπτη,1
50300,HD,Παρασκευή,1
50300,HD,Σάββατο,1
50300,HD,Κυριακή,1
50400,HD,Τετάρτη,1
50400,HD,Πέμπτη,1
50400,HD,Παρασκευή,1
50400,HD,Σάββατο,1
50400,HD,Κυριακή,1
50500,HD,Τετάρτη,1
50500,HD,Πέμπτη,1
50500,HD,Παρασκευή,1
50500,HD,Σάββατο,1
50500,HD,Κυριακή,1
36070,FRW,null,1
36071,FRW,null,1
36072,FRW,null,1
36073,FRW,null,1
36074,FRW,null,1
36076,FRW,null,1
36080,FRW,null,1
36100,FRW,null,1
34001,FRW,null,1
34002,HD,Τετάρτη,1
34002,HD,Πέμπτη,1
34002,HD,Παρασκευή,1
34002,HD,Σάββατο,1
34002,HD,Κυριακή,1
34003,HD,Τετάρτη,1
34003,HD,Πέμπτη,1
34003,HD,Παρασκευή,1
34003,HD,Σάββατο,1
34003,HD,Κυριακή,1
34004,HD,Τετάρτη,1
34004,HD,Πέμπτη,1
34004,HD,Παρασκευή,1
34004,HD,Σάββατο,1
34004,HD,Κυριακή,1
34005,HD,Τετάρτη,1
34005,HD,Πέμπτη,1
34005,HD,Παρασκευή,1
34005,HD,Σάββατο,1
34005,HD,Κυριακή,1
34006,HD,Τετάρτη,1
34006,HD,Πέμπτη,1
34006,HD,Παρασκευή,1
34006,HD,Σάββατο,1
34006,HD,Κυριακή,1
34008,HD,Τετάρτη,1
34008,HD,Πέμπτη,1
34008,HD,Παρασκευή,1
34008,HD,Σάββατο,1
34008,HD,Κυριακή,1
34009,HD,Τετάρτη,1
34009,HD,Πέμπτη,1
34009,HD,Παρασκευή,1
34009,HD,Σάββατο,1
34009,HD,Κυριακή,1
34010,HD,Τετάρτη,1
34010,HD,Πέμπτη,1
34010,HD,Παρασκευή,1
34010,HD,Σάββατο,1
34010,HD,Κυριακή,1
34012,HD,Τετάρτη,1
34012,HD,Πέμπτη,1
34012,HD,Παρασκευή,1
34012,HD,Σάββατο,1
34012,HD,Κυριακή,1
34013,FRW,null,1
34014,HD,Τετάρτη,1
34014,HD,Πέμπτη,1
34014,HD,Παρασκευή,1
34014,HD,Σάββατο,1
34014,HD,Κυριακή,1
34015,FRW,null,1
34016,FRW,null,1
34017,FRW,null,1
34131,HD,Τετάρτη,1
34131,HD,Πέμπτη,1
34131,HD,Παρασκευή,1
34131,HD,Σάββατο,1
34131,HD,Κυριακή,1
34132,HD,Τετάρτη,1
34132,HD,Πέμπτη,1
34132,HD,Παρασκευή,1
34132,HD,Σάββατο,1
34132,HD,Κυριακή,1
34133,HD,Τετάρτη,1
34133,HD,Πέμπτη,1
34133,HD,Παρασκευή,1
34133,HD,Σάββατο,1
34133,HD,Κυριακή,1
34150,HD,Τετάρτη,1
34150,HD,Πέμπτη,1
34150,HD,Παρασκευή,1
34150,HD,Σάββατο,1
34150,HD,Κυριακή,1
34200,HD,Τετάρτη,1
34200,HD,Πέμπτη,1
34200,HD,Παρασκευή,1
34200,HD,Σάββατο,1
34200,HD,Κυριακή,1
34300,FRW,null,1
34400,HD,Τετάρτη,1
34400,HD,Πέμπτη,1
34400,HD,Παρασκευή,1
34400,HD,Σάββατο,1
34400,HD,Κυριακή,1
34500,HD,Τετάρτη,1
34500,HD,Πέμπτη,1
34500,HD,Παρασκευή,1
34500,HD,Σάββατο,1
34500,HD,Κυριακή,1
34600,HD,Τετάρτη,1
34600,HD,Πέμπτη,1
34600,HD,Παρασκευή,1
34600,HD,Σάββατο,1
34600,HD,Κυριακή,1
33050,HD,Τετάρτη,1
33050,HD,Πέμπτη,1
33050,HD,Παρασκευή,1
33050,HD,Σάββατο,1
33050,HD,Κυριακή,1
33051,FRW,null,1
33052,HD,Τετάρτη,1
33052,HD,Πέμπτη,1
33052,HD,Παρασκευή,1
33052,HD,Σάββατο,1
33052,HD,Κυριακή,1
33053,FRW,null,1
33054,HD,Τετάρτη,1
33054,HD,Πέμπτη,1
33054,HD,Παρασκευή,1
33054,HD,Σάββατο,1
33054,HD,Κυριακή,1
33056,FRW,null,1
33057,FRW,null,1
33058,HD,Τετάρτη,1
33058,HD,Πέμπτη,1
33058,HD,Παρασκευή,1
33058,HD,Σάββατο,1
33058,HD,Κυριακή,1
33061,FRW,null,1
33100,HD,Τετάρτη,1
33100,HD,Πέμπτη,1
33100,HD,Παρασκευή,1
33100,HD,Σάββατο,1
33100,HD,Κυριακή,1
33200,HD,Τετάρτη,1
33200,HD,Πέμπτη,1
33200,HD,Παρασκευή,1
33200,HD,Σάββατο,1
33200,HD,Κυριακή,1
32001,HD,Τετάρτη,1
32001,HD,Πέμπτη,1
32001,HD,Παρασκευή,1
32001,HD,Σάββατο,1
32001,HD,Κυριακή,1
32002,HD,Τετάρτη,1
32002,HD,Πέμπτη,1
32002,HD,Παρασκευή,1
32002,HD,Σάββατο,1
32002,HD,Κυριακή,1
32003,HD,Τετάρτη,1
32003,HD,Πέμπτη,1
32003,HD,Παρασκευή,1
32003,HD,Σάββατο,1
32003,HD,Κυριακή,1
32004,HD,Τετάρτη,1
32004,HD,Πέμπτη,1
32004,HD,Παρασκευή,1
32004,HD,Σάββατο,1
32004,HD,Κυριακή,1
32005,HD,Τετάρτη,1
32005,HD,Πέμπτη,1
32005,HD,Παρασκευή,1
32005,HD,Σάββατο,1
32005,HD,Κυριακή,1
32006,HD,Τετάρτη,1
32006,HD,Πέμπτη,1
32006,HD,Παρασκευή,1
32006,HD,Σάββατο,1
32006,HD,Κυριακή,1
32007,HD,Τετάρτη,1
32007,HD,Πέμπτη,1
32007,HD,Παρασκευή,1
32007,HD,Σάββατο,1
32007,HD,Κυριακή,1
32008,HD,Τετάρτη,1
32008,HD,Πέμπτη,1
32008,HD,Παρασκευή,1
32008,HD,Σάββατο,1
32008,HD,Κυριακή,1
32009,HD,Τετάρτη,1
32009,HD,Πέμπτη,1
32009,HD,Παρασκευή,1
32009,HD,Σάββατο,1
32009,HD,Κυριακή,1
32010,HD,Τετάρτη,1
32010,HD,Πέμπτη,1
32010,HD,Παρασκευή,1
32010,HD,Σάββατο,1
32010,HD,Κυριακή,1
32011,HD,Τετάρτη,1
32011,HD,Πέμπτη,1
32011,HD,Παρασκευή,1
32011,HD,Σάββατο,1
32011,HD,Κυριακή,1
32012,HD,Τετάρτη,1
32012,HD,Πέμπτη,1
32012,HD,Παρασκευή,1
32012,HD,Σάββατο,1
32012,HD,Κυριακή,1
32100,HD,Τετάρτη,1
32100,HD,Πέμπτη,1
32100,HD,Παρασκευή,1
32100,HD,Σάββατο,1
32100,HD,Κυριακή,1
32131,HD,Τετάρτη,1
32131,HD,Πέμπτη,1
32131,HD,Παρασκευή,1
32131,HD,Σάββατο,1
32131,HD,Κυριακή,1
32200,HD,Τετάρτη,1
32200,HD,Πέμπτη,1
32200,HD,Παρασκευή,1
32200,HD,Σάββατο,1
32200,HD,Κυριακή,1
32300,HD,Τετάρτη,1
32300,HD,Πέμπτη,1
32300,HD,Παρασκευή,1
32300,HD,Σάββατο,1
32300,HD,Κυριακή,1
44001,FRW,null,1
44002,FRW,null,1
44003,HD,Τετάρτη,1
44003,HD,Πέμπτη,1
44003,HD,Παρασκευή,1
44003,HD,Σάββατο,1
44003,HD,Κυριακή,1
44004,HD,Τετάρτη,1
44004,HD,Πέμπτη,1
44004,HD,Παρασκευή,1
44004,HD,Σάββατο,1
44004,HD,Κυριακή,1
44006,FRW,null,1
44007,HD,Τετάρτη,1
44007,HD,Πέμπτη,1
44007,HD,Παρασκευή,1
44007,HD,Σάββατο,1
44007,HD,Κυριακή,1
44009,FRW,null,1
44010,FRW,null,1
44012,HD,Τετάρτη,1
44012,HD,Πέμπτη,1
44012,HD,Παρασκευή,1
44012,HD,Σάββατο,1
44012,HD,Κυριακή,1
44013,FRW,null,1
44014,FRW,null,1
44015,FRW,null,1
44017,HD,Τετάρτη,1
44017,HD,Πέμπτη,1
44017,HD,Παρασκευή,1
44017,HD,Σάββατο,1
44017,HD,Κυριακή,1
44019,FRW,null,1
44100,FRW,null,1
44200,HD,Τετάρτη,1
44200,HD,Πέμπτη,1
44200,HD,Παρασκευή,1
44200,HD,Σάββατο,1
44200,HD,Κυριακή,1
45221,HD,Τετάρτη,1
45221,HD,Πέμπτη,1
45221,HD,Παρασκευή,1
45221,HD,Σάββατο,1
45221,HD,Κυριακή,1
45332,HD,Τετάρτη,1
45332,HD,Πέμπτη,1
45332,HD,Παρασκευή,1
45332,HD,Σάββατο,1
45332,HD,Κυριακή,1
45333,HD,Τετάρτη,1
45333,HD,Πέμπτη,1
45333,HD,Παρασκευή,1
45333,HD,Σάββατο,1
45333,HD,Κυριακή,1
45444,HD,Τετάρτη,1
45444,HD,Πέμπτη,1
45444,HD,Παρασκευή,1
45444,HD,Σάββατο,1
45444,HD,Κυριακή,1
45445,HD,Τετάρτη,1
45445,HD,Πέμπτη,1
45445,HD,Παρασκευή,1
45445,HD,Σάββατο,1
45445,HD,Κυριακή,1
45500,HD,Τετάρτη,1
45500,HD,Πέμπτη,1
45500,HD,Παρασκευή,1
45500,HD,Σάββατο,1
45500,HD,Κυριακή,1
46030,HD,Τετάρτη,1
46030,HD,Πέμπτη,1
46030,HD,Παρασκευή,1
46030,HD,Σάββατο,1
46030,HD,Κυριακή,1
46100,HD,Τετάρτη,1
46100,HD,Πέμπτη,1
46100,HD,Παρασκευή,1
46100,HD,Σάββατο,1
46100,HD,Κυριακή,1
46200,HD,Τετάρτη,1
46200,HD,Πέμπτη,1
46200,HD,Παρασκευή,1
46200,HD,Σάββατο,1
46200,HD,Κυριακή,1
46300,HD,Τετάρτη,1
46300,HD,Πέμπτη,1
46300,HD,Παρασκευή,1
46300,HD,Σάββατο,1
46300,HD,Κυριακή,1
48060,HD,Τετάρτη,1
48060,HD,Πέμπτη,1
48060,HD,Παρασκευή,1
48060,HD,Σάββατο,1
48060,HD,Κυριακή,1
48061,FRW,null,1
48062,FRW,null,1
48100,HD,Τετάρτη,1
48100,HD,Πέμπτη,1
48100,HD,Παρασκευή,1
48100,HD,Σάββατο,1
48100,HD,Κυριακή,1
48200,HD,Τετάρτη,1
48200,HD,Πέμπτη,1
48200,HD,Παρασκευή,1
48200,HD,Σάββατο,1
48200,HD,Κυριακή,1
48300,HD,Τετάρτη,1
48300,HD,Πέμπτη,1
48300,HD,Παρασκευή,1
48300,HD,Σάββατο,1
48300,HD,Κυριακή,1
47041,HD,Τετάρτη,1
47041,HD,Πέμπτη,1
47041,HD,Παρασκευή,1
47041,HD,Σάββατο,1
47041,HD,Κυριακή,1
47042,HD,Τετάρτη,1
47042,HD,Πέμπτη,1
47042,HD,Παρασκευή,1
47042,HD,Σάββατο,1
47042,HD,Κυριακή,1
47043,HD,Τετάρτη,1
47043,HD,Πέμπτη,1
47043,HD,Παρασκευή,1
47043,HD,Σάββατο,1
47043,HD,Κυριακή,1
47044,FRW,null,1
47045,HD,Τετάρτη,1
47045,HD,Πέμπτη,1
47045,HD,Παρασκευή,1
47045,HD,Σάββατο,1
47045,HD,Κυριακή,1
47046,HD,Τετάρτη,1
47046,HD,Πέμπτη,1
47046,HD,Παρασκευή,1
47046,HD,Σάββατο,1
47046,HD,Κυριακή,1
47047,FRW,null,1
47048,FRW,null,1
47100,HD,Τετάρτη,1
47100,HD,Πέμπτη,1
47100,HD,Παρασκευή,1
47100,HD,Σάββατο,1
47100,HD,Κυριακή,1
47131,HD,Τετάρτη,1
47131,HD,Πέμπτη,1
47131,HD,Παρασκευή,1
47131,HD,Σάββατο,1
47131,HD,Κυριακή,1
47132,HD,Τετάρτη,1
47132,HD,Πέμπτη,1
47132,HD,Παρασκευή,1
47132,HD,Σάββατο,1
47132,HD,Κυριακή,1
47200,HD,Τετάρτη,1
47200,HD,Πέμπτη,1
47200,HD,Παρασκευή,1
47200,HD,Σάββατο,1
47200,HD,Κυριακή,1
